E_TOTPOP,EP_POV,EP_UNEMP,EP_PCI,EP_NOHSDP,EP_AGE65,EP_AGE17,EP_DISABL,EP_SNGPNT,EP_MINRTY,EP_LIMENG,EP_MUNIT,EP_MOBILE,EP_CROWD,EP_NOVEH,EP_GROUPQ,EP_UNINSUR,E_DAYPOP,FIPS
-0.24891099283954338,-1.7836406076884475,-1.913199276389487,1.753252833941758,-1.3761431877761865,-1.6608098595189795,-1.3760823210270092,-1.9598594466988026,-1.540739470463313,-1.778965643772234,0.22704663390922894,-1.2019645317271401,-0.3625297698372846,-0.6396056900043349,-1.6564910273063957,-1.0079082672092488,-1.53758725591737,-0.8584442146820591,24510010300
-0.1688435320887045,-2.2027121941232646,-1.5110910870880037,1.3562852941790076,-0.4506531230380807,-0.8683137278683597,-1.1590163401407376,-2.14457847957436,-1.5145355183056435,-1.880313309570303,-1.1494334526842156,0.43267507514499637,-0.3625297698372846,-0.7420538541986299,-1.8245159028773084,-1.0079082672092488,-0.3880478385022483,0.4958599914259018,24510240400
-0.9745452916922004,-1.2923994920836446,-0.6986413922423015,1.661822905359743,-1.3226993810384002,-1.3875353100295038,-1.388942621649128,-1.1295582157992186,-1.651438044386163,-1.7818304153748923,-1.1494334526842156,-1.5563297825482165,-0.3625297698372846,-0.7420538541986299,-1.3730048816718896,-1.0079082672092488,-0.9199668019578972,-1.1974680923982237,24510261100
1.0572797292832372,-2.035929922236127,-1.1843820333241586,0.5621876168375338,-2.5090654132260948,-1.3306628556794315,-1.9003055117707712,-2.4178407749659643,-1.741773174913227,-1.2742178212261337,-0.4980092034577218,-1.5563297825482165,-0.3625297698372846,-1.4153336582388283,-2.1798741683774603,1.9344420452589317,-0.9582385639068839,1.066213184880776,24510271102
-0.011466247129304493,-1.5361634722979138,-1.7931921288005617,1.4820689449169746,-1.3761431877761865,-0.7756617052468485,-1.1083417815292071,-1.2799555091208277,-1.741773174913227,-1.8267205310992893,-0.4980092034577218,0.028184589382765295,-0.3625297698372846,-0.5445115228162466,-1.4281979815592827,-1.0079082672092488,-1.294047029493067,-0.22045182464103102,24510010200
0.04561735585480734,-2.1167491442643187,-1.385596855303933,2.144619535139435,-2.103707710772326,0.2137132282229957,-1.1209969775281283,-1.5754715052791266,-0.9811039132650734,-1.704870921340725,-0.33808435786015534,0.933376521382202,-0.3625297698372846,-0.221516606394154,-1.8126983850333716,-1.0079082672092488,-2.6482921130062542,0.7002488376948618,24510240200
0.2961295030777817,-1.817272771272012,-1.6461930403985592,1.9629474137254053,-1.058223939708767,-1.3306628556794315,-0.7573381715098099,-1.805820894697344,-1.3674245224403758,-1.8496052230599567,-0.33808435786015534,0.843604833950867,-0.3625297698372846,-0.7420538541986299,-1.732583490929034,-0.5090521763293279,-2.221229643529386,1.5322413174494254,24510240100
-0.680207143199574,-1.424050535821771,-2.1878833544525116,1.8504535730002811,-2.103707710772326,-1.0135714582638395,-1.0451968767340591,-1.7416794219197091,-1.6228083197109575,-1.5864114936900677,-1.1494334526842156,0.8650799882042293,-0.3625297698372846,-0.3728775566971327,-1.2583318981347535,-0.31729693252315505,-1.4863406235153123,-0.30087027438957065,24510240300
0.10394078624819571,-1.7836406076884475,-2.1878833544525116,1.6629200840758813,-1.431043873142925,0.24585778333227268,-1.6093236558628508,-1.395884436945126,-1.2134144925699533,-1.7746231118980527,-0.6820579307024185,0.07964731788141392,-0.3625297698372846,-1.4153336582388283,-1.5337331809201689,1.4884362892640433,-2.3794651318275197,0.12367405526659615,24510010100
0.49250209469183714,-0.8133810953617875,-1.355520957402526,1.353120620529397,-0.6560340971745772,-1.1672744575459428,-1.3760823210270092,-1.2799555091208277,-1.2134144925699533,-1.7597587385119278,-0.33808435786015534,-0.12607890991671233,-0.3625297698372846,-1.4153336582388283,-0.7994638890401791,-1.0079082672092488,-0.7042790459196513,0.7194157248037402,24510130600
-1.3864686596178952,-1.2050366913514778,-1.955427583800442,1.6106839193069777,-1.2878240749647996,-1.0385718898801912,-2.558033860917344,-1.055995621053639,-1.8748870059285927,-1.7702264286210616,0.22704663390922894,1.1133750240951534,-0.3625297698372846,-0.8529754537472553,-1.897651194873831,1.0746234962588304,-2.221229643529386,-0.3253322213410357,24510230300
-0.326843652188826,-1.5506600671354254,-0.9279444172764667,2.1308318040094725,-1.5261373935704474,-0.14628633598682467,-1.4922246914255028,-1.0195971539063666,-1.8748870059285927,-1.7443044219794608,0.22704663390922894,1.2197435278198736,-0.3625297698372846,0.03536763402701196,-2.087204322398293,-0.5090521763293279,0.061584778682701805,0.602242316126258,24510010400
-0.24560252303143326,-2.180686786657182,-2.0901226977576424,2.1170525018115893,-2.13238507073946,1.1683531486407974,0.18156032815273473,-2.5516503438934133,-1.414693785166487,-1.7627791732853277,-0.6820579307024185,0.7643857369623767,-0.3625297698372846,0.4681119343095105,-2.102059883582366,1.1933526077537264,-0.9972492389140307,1.1618439320391636,24510271300
-0.71961919990913,-1.1093807108189964,-1.8721378414204095,1.606785653453509,-0.32921905305957033,-0.39343939342464157,-1.4404932870495568,-1.2990819637018647,-2.1619804055171383,-1.6892511851807497,1.0360033706143337,-0.20335527376844278,-0.3625297698372846,-1.4153336582388283,-0.28375082488947634,-0.31729693252315505,-0.47805334592648996,-0.25716109190622727,24510230200
-0.9293866958911392,-0.4757525072441071,-1.5110910870880037,1.2267858997838539,-0.8207292958449257,-1.0638116137413112,-1.1209969775281283,-2.2904491637951705,-0.9992282396535412,-1.3033327509803097,1.426489786630452,-0.8277214931419289,-0.3625297698372846,-0.8529754537472553,-0.6401990337251582,-1.0079082672092488,0.15532688037857512,-0.22679196822263356,24510020200
-2.2345048903766735,-1.624926356035958,-1.1040696348576762,1.9464218802580022,-2.25445737418858,3.5454070578830192,-2.2979442254416593,1.0348930351493368,-1.3443820208654735,-1.7687488907574644,0.5729915083937684,1.3202613234002964,-0.3625297698372846,-1.4153336582388283,-1.860586522520994,-1.0079082672092488,-1.204603186071633,0.440441418096433,24510271503
-0.5568049985739194,-0.4576917176834183,-0.9039261821736971,1.2998319386916828,-1.8941995002823948,-0.5780035639732927,-0.9697020657889904,-1.59588787077978,-0.9454358801236822,-1.477921690389899,-0.07343086999871909,0.3442340594210347,-0.3625297698372846,-0.024014536189903374,-0.7360890621328876,-1.0079082672092488,-0.41763014244414615,-0.2999023804628302,24510120201
2.016541237055969,-1.6710183253611794,-1.355520957402526,1.8018380086989854,-1.545745289055316,0.5063517528615565,0.5866789224422224,-1.9598594466988026,-1.1520302891343657,-1.6566862241187,-0.4980092034577218,-0.803351022303051,-0.3625297698372846,-0.7420538541986299,-1.5940069538289985,1.343290812854897,-1.4364356158722187,1.1068127495765003,24510271200
0.6845823363535566,-1.0977119166902853,-1.6114055128648817,2.0532440774171636,-1.2878240749647996,-0.7304936606414444,-1.8335114565199178,-1.395884436945126,-1.8400231327570686,-1.63016036530419,1.2663018006272568,1.4822083004309563,2.763002119208384,-1.4153336582388283,-1.0376796076075085,-1.0079082672092488,-1.2488143477816591,1.6516780972783978,24510020300
-0.7861924662809072,-1.1447614335453855,-2.1878833544525116,1.432906634250021,-1.1054868708199233,-1.0135714582638395,-0.6828917947566608,-1.4154879238927378,-0.826156176722486,-1.6223922957653547,1.2824241490680106,-1.5563297825482165,-0.3625297698372846,0.3847859240583779,-1.3370399508820414,0.7358935175487848,1.103940791532614,-2.1545618733359873,24510010500
0.8584689939625374,-1.3571437542561107,-0.8334031446667322,1.4473497922856609,-1.7108584525802135,0.6780127758488186,0.5392700327498637,-1.4947579769360475,-1.2134144925699533,-1.6066067288505583,-0.07343086999871909,-0.00788722222843572,-0.3625297698372846,-1.4153336582388283,-2.058111504037851,0.913382535716384,-1.817148359399259,1.1845164796398837,24510271501
0.189529223133498,-1.3571437542561107,-1.543889657623404,1.6019906463147202,-0.7785886372194326,-0.5780035639732927,-1.3247473005683974,-1.3569244001208147,-1.017553851709385,-1.7379599875256195,-0.4980092034577218,1.2677586784459025,-0.3625297698372846,1.0732330659054852,-1.5140899613349321,-0.31729693252315505,-1.294047029493067,0.809397349443583,24510260900
0.19097319121044168,-0.7024669390571583,-1.755167876983635,1.1526948596485636,-1.969095892668844,-1.8968010087179952,-2.426202984608415,-1.7416794219197091,-1.5145355183056435,-1.091318672898665,0.9797046521796398,1.7029457976153113,-0.3625297698372846,-1.4153336582388283,0.02824573768934544,1.2506624387892848,-0.301669453932801,1.011541798632766,24510110100
-1.0594771985338949,-1.330997739194958,-0.7205605137978297,1.418875145116572,-0.7646910343009289,-1.1410215469395857,-0.8944983005968149,-1.0742892525876488,-0.49524075361599246,-1.6340130289608006,0.514819582333516,-0.9057150743330399,-0.3625297698372846,0.2950159935538207,-0.6672782777867807,-1.0079082672092488,-0.47805334592648996,-1.4801712911034106,24510020100
-0.20127766949624473,-1.0861039597850104,-1.1304886164113601,0.6877078943400069,-1.186501437073623,-0.14628633598682467,-0.7200835395698157,-0.004629271142258898,-0.6685200090563677,-1.2171408745291659,-0.33808435786015534,-1.5563297825482165,2.7637601736530066,-1.4153336582388283,-1.2929508768329072,-1.0079082672092488,0.3105860538694806,-0.4580999075018289,24510270703
0.7850609644626891,-1.3571437542561107,-1.1843820333241586,1.7268900280522346,-2.0482185548894587,0.8673083076375138,0.07346177253417834,-2.005105214032361,-0.6685200090563677,-1.5161901707207404,-0.19771503923886447,1.1078805450528866,-0.3625297698372846,-1.4153336582388283,-1.125054024366274,1.7355148193241894,-1.0776190997897572,0.18789809270102034,24510271400
0.9600866970394598,-0.9731831309939796,-1.2967726498556493,1.6553600265030168,-1.0896251031352695,0.9323280904484945,-1.505186703269921,-0.43400908086193946,-1.2993962458642323,-1.4142953822234219,-0.6820579307024185,1.437673525104161,-0.3625297698372846,-1.4153336582388283,-0.1476120569226892,0.48722421872052524,-1.0776190997897572,1.9560882654230667,24510220100
-0.5577207524469239,-0.995327099612831,-0.48988421848806984,0.28529261252218696,0.03080295334423853,0.1812261463067722,0.12155276918085607,-0.40125089258780133,-1.017553851709385,-1.571971737733922,-1.1494334526842156,-0.13670028647742083,-0.3625297698372846,-1.4153336582388283,-1.0454933085014564,-1.0079082672092488,0.5156373199683811,1.1268666264154523,24510250206
-0.9366885174540246,-0.43081882819188955,-0.8103822310278117,1.0816096883001391,-1.0426802077980566,-1.5052892245489984,-0.5347291689398374,-0.46693400609360014,-0.777416552503431,-1.352336897855287,-1.1494334526842156,-0.23874584770222063,-0.3625297698372846,0.09198694675624763,-0.9382654318031095,0.8314794849162773,-0.24594472114758228,-0.10135684455294963,24510230100
0.9998439876739735,-0.10251271640932129,-1.5110910870880037,1.3085545263266467,-1.9187368122621231,-2.54860639373715,-1.427588973855351,-1.6994904146328842,-1.3443820208654735,-0.7718198331933364,1.062065520934291,2.0890045339129273,-0.3625297698372846,0.950528857614139,0.31701305734824087,0.11388548523221065,-1.942011585488614,2.8004230152889575,24510040100
0.839358103948281,-1.132904514032049,-1.0779863334895121,0.653504221083263,-0.16681316801041943,0.7605008947993968,-0.1196886993078056,-0.02007159395231132,-0.6989852908488166,-0.9352163216368204,-0.6820579307024185,-1.5563297825482165,-0.3625297698372846,-0.6396056900043349,-2.072558049841618,-0.15299102123533442,-1.294047029493067,0.6283099450748736,24510270501
-0.7802560304036227,-0.5492084916234509,-0.3536052613201724,0.915349578182599,-0.24697817442149164,-0.844851590354247,-1.019998749033085,-0.11342633064297482,-0.3744961979519376,-1.8078177835604896,-0.07343086999871909,-0.31430295664766983,-0.3625297698372846,0.03536763402701196,-1.1576450243689205,-1.0079082672092488,0.33192935867835577,0.6806821715799607,24510130804
-0.8808459593958794,-1.1807242488091916,-0.04948594571578867,0.6683813613682595,-1.2878240749647996,-0.03891901594938105,0.0011802484878301472,-0.22392091851398244,-0.8097615804788604,-0.8807953100497418,-0.8963747200613758,-1.1627696680774673,-0.3625297698372846,-1.4153336582388283,-1.20741938233626,0.4086576276249188,0.3105860538694806,-0.6900795853027066,24510270200
1.1968493886792237,-1.2545114098714039,-1.0016407490752208,1.164653855865693,-0.6560340971745772,1.8414918801445073,-1.1336610847395756,0.11775666284707562,-1.651438044386163,-1.7597587385119278,-1.1494334526842156,1.3659087938372103,-0.3625297698372846,-1.4153336582388283,-0.4698001655145902,1.5184003258041499,-1.4364356158722187,1.2004902734878822,24510130700
-0.34471672278842874,-1.2420335352578706,-1.1304886164113601,0.8500240142013753,-0.3772110537225304,-0.021397587059991893,-0.5101260255555675,-0.6511586738095595,-0.3744961979519376,-1.454760044537899,0.9492308403090507,0.669265467350975,-0.3625297698372846,-0.3728775566971327,-0.7711212760799568,-1.0079082672092488,-0.036250517042803534,-0.30087027438957065,24510130803
-1.2729408180302666,0.6940615491675161,-0.8566628483744267,0.686310638608273,-0.682792546434211,-2.9666745598127275,-1.3503937857791242,0.02615774877023236,-0.4007227668413674,-0.5626462146927573,-1.1494334526842156,-1.0899890381092234,-0.3625297698372846,-0.4558551092498443,0.0942172909172357,-0.31729693252315505,-0.11256237611976845,-0.3174485418748426,24510180300
-0.4577470982100712,0.10566546786430726,-1.2680621799217024,1.5256214200221099,-0.3173369957870479,-0.3344944856845056,-0.8694927728014701,-0.8061617341365663,-0.5513094348876267,-0.9352163216368204,-1.1494334526842156,1.4669382652042777,-0.3625297698372846,-0.7420538541986299,-0.2958409256342051,1.6523903512408749,-0.33007917176450224,1.5799287618539044,24510030200
1.3162065712749658,-0.7623587841970041,0.017412803139772923,0.30425143863554643,-1.0118961380456775,0.22982779574181467,0.013239432914749353,-0.3039446893060353,-0.1994397771122879,-0.5300651372863956,-1.1494334526842156,-0.7567500818752737,-0.3625297698372846,-0.6396056900043349,-1.5736830478621315,-0.7357553199597429,-0.5720417985063863,-0.042750055090893475,24510270600
-1.2895407473420526,-1.1686702697219085,-0.3918010851414565,0.8080842542324047,-0.6295329683617622,0.2776681060757579,0.10953716664922136,-0.3200637687655135,0.35445689285194987,-0.7311145444390397,-1.1494334526842156,-1.125507797106151,-0.3625297698372846,0.4681119343095105,-0.8425288261776154,-1.0079082672092488,-0.7042790459196513,-2.304457808695746,24510270101
-1.3790726295203142,-1.5800016343566992,-1.6817192416495423,1.1746279390345942,0.020121236937646496,1.0462209940162714,-0.9195347111322186,-0.46693400609360014,-0.8762740816778262,-1.5445008011688486,0.8083467334190387,0.4977375676329825,-0.3625297698372846,0.14607104418300604,-0.8936497478508426,1.7781995588817083,-0.011386160083528662,0.5876812290719811,24510130806
0.6976873300637922,-0.7422373172814597,-1.416168247347346,0.4707884386943429,-1.2197512119094325,1.8216778059840424,-0.18031734624892526,0.1782075052427517,-1.5674971164090095,-1.4870519853844386,0.4518462203442053,1.6301230460938618,-0.3625297698372846,0.2950159935538207,-0.7781800817346095,-1.0079082672092488,-1.7577724022406105,-0.6954351291747951,24510272004
-1.4552725218587084,-0.567887587281804,-1.543889657623404,1.0041860341898234,-0.513272900641621,0.2934504368018573,-0.8819917050776149,0.148042305193879,-1.2774224324826835,-0.11934320801527996,0.30880155665383796,1.3158036871298437,-0.3625297698372846,1.423491763031636,0.22827157346454371,-1.0079082672092488,-0.24594472114758228,1.6112964603468138,24510060400
-0.5185952770703268,-1.2420335352578706,0.40394054466691826,0.7523383111125129,-0.20092553373570057,-1.22059179470497,-1.2098372391362842,-0.7023767418742505,-1.1124287247785065,-1.4382633988366857,0.22704663390922894,-0.457680773712055,2.7458183797606197,-0.024014536189903374,-0.2061660353831156,-0.7357553199597429,0.4560018468385904,1.376855629628276,24510120700
1.6811671356196751,-0.12652144523221362,-1.0779863334895121,1.1901374261062743,-0.6693806830937064,0.6076117485971382,-2.3120511275417446,-0.40125089258780133,-2.1619804055171383,-1.2608051420144535,0.13705123436577432,1.7301075955506884,-0.3625297698372846,-0.3728775566971327,0.8568935715488452,1.4041204357989758,-0.8824036311684366,1.9937825504675977,24510110200
0.5142273744695519,-1.5217795581311637,-1.0267822800401145,0.24927960089117254,-0.353121203392943,-0.20147910364159297,0.9754610733001217,0.4299985631354036,-0.014951967985010297,-0.3587285318543139,-1.1494334526842156,-0.9623974510155741,-0.3625297698372846,-1.4153336582388283,-1.141292210186374,0.22372836222551176,-0.5402455783192729,-0.005581282234599393,24510270402
-2.146463339257218,0.00713621904928551,-0.9039261821736971,-0.9657105452675054,-0.9366170977299464,-3.2133351907695964,-2.426202984608415,-0.8411736740472103,-2.1619804055171383,-0.616255118582738,-1.1494334526842156,1.9830693393704515,-0.3625297698372846,0.19782123793038187,1.081799219956572,1.9304423841902116,-1.7577724022406105,1.9000861155508109,24510040200
1.463042436307907,-1.5652719021840102,-0.3918010851414565,0.8431141457834405,-0.6163765876067292,0.09845244647905378,0.22948314195512362,-0.858760638163269,-0.28519102482446534,0.07434869598291644,-1.1494334526842156,0.5486492334425577,-0.3625297698372846,-0.6396056900043349,-0.5472878318895871,1.1498271951750574,-2.221229643529386,0.7611522158664946,24510280403
1.8083191678580741,0.9680451036583776,-0.33471782172480447,-0.9155364993816688,-1.2878240749647996,-2.1991894301143105,-2.3261915212418875,-1.805820894697344,-2.1619804055171383,-0.9666761717128133,-0.8963747200613758,1.5194114372200653,-0.3625297698372846,1.4398077687658064,0.6550778604558983,1.9151477534063677,-0.9582385639068839,2.011904901279871,24510120202
-2.0764776228877135,-0.24114561602526838,-0.17058019741850758,0.6394509992949421,-0.4880643319333989,2.973596853945676,-1.505186703269921,0.7727690816796979,-1.4636713474562715,0.3507249764123241,-1.1494334526842156,1.4416245819648257,-0.3625297698372846,-1.4153336582388283,0.27548436477102745,-1.0079082672092488,-0.3880478385022483,-1.2557516595497535,24510130805
0.7459452188861506,-0.6633037676190773,-0.1354329230170816,0.6328414281162014,-0.353121203392943,-0.9399546136386657,0.9285491100952126,-0.9654590233005703,0.9525688269692143,-0.30886525656023245,-1.1494334526842156,-1.5563297825482165,-0.3625297698372846,-0.973756752993599,-0.8789440140849414,0.3213411905929149,-0.7042790459196513,0.3243918268441328,24510080101
1.1343521429264294,-0.16696018661274034,-0.17058019741850758,1.6730049388283932,-2.0482185548894587,1.7413034501563105,-1.2353042029986538,-0.549998244438355,-1.054833935572266,-1.1552729688987298,1.3546650483036737,1.8654555530086054,-0.3625297698372846,0.9241960299567841,0.2071155884338579,-1.0079082672092488,-1.4863406235153123,0.8103897237809397,24510120100
0.4264942432726571,-0.6828111057704248,-0.5099709970298307,0.33085118650323714,-0.7234296939638645,0.7468988714363864,-0.18031734624892526,-0.06659709516059911,-0.9278812243759001,0.31539287164706675,-1.1494334526842156,0.3442340594210347,-0.3625297698372846,-0.6396056900043349,-0.41916154187350385,-0.5090521763293279,-0.301669453932801,-0.1998634857875417,24510280401
1.2255572521093916,-0.39538476560139874,-0.04948594571578867,-0.722806824608689,-0.513272900641621,-0.6860586003622849,-1.286354635486029,-1.5754715052791266,-0.014951967985010297,0.5765577647724873,1.232104004416186,-1.5563297825482165,-0.3625297698372846,-1.4153336582388283,-0.41916154187350385,1.9091407392977204,-0.1916123348215841,1.027482177590699,24510270903
1.6420797700192198,-1.2923994920836446,-1.2118825007366956,0.6119420850867532,-0.9071410740904001,-0.6207214605523843,0.5866789224422224,-0.9834448631477729,0.5654008873007308,-0.22699174601779096,-1.1494334526842156,0.18179657508580446,-0.3625297698372846,1.1831015843342232,-1.1494541190644008,1.1721793748547187,-1.53758725591737,0.6226680249836792,24510270401
-0.8462447722123807,-0.42191834832960307,0.03389297564326654,0.6609378690805622,-0.8066065501962013,0.5063517528615565,-0.4119607941183329,-1.241927027754565,-0.15189416750382992,-0.8580453226640371,0.13705123436577432,-1.0235515766184466,-0.3625297698372846,1.0961514645538224,-1.3281469166042719,-0.31729693252315505,0.17816627991892778,-1.4374753355203247,24510270302
0.014536334025047276,-1.2670641558467146,-0.469958635680397,0.8698195151117365,-0.5643585112995055,1.1803250470186508,-1.019998749033085,0.19324552111268978,-1.1926760238860208,0.28028364637387765,-1.1494334526842156,-0.08485891079734778,-0.3625297698372846,1.0498037045370334,-1.3370399508820414,1.1721793748547187,-0.6704261754797537,0.862118316116264,24510090200
1.1243886935454872,-1.2923994920836446,-0.15294976692394163,0.015570936169219701,-0.513272900641621,0.11518956664955103,0.12155276918085607,-0.9118535045959915,0.1663684023618667,0.6273895468280583,0.3834286028479918,-0.6313302188864097,-0.3625297698372846,-0.15213906774028965,-0.8789440140849414,-1.0079082672092488,-0.301669453932801,-0.03047506606516188,24510260102
-0.76153785625922,-0.06290888336397152,-0.4501908025823115,0.8793633187592242,-0.9366170977299464,0.2776681060757579,-0.5593576599019019,-0.3524191401431704,-1.036086921437164,-1.0100263046576716,1.3801922405011817,0.9529547973761643,-0.3625297698372846,-1.4153336582388283,-0.31405577230150883,1.3929107541882004,-0.13859745985833363,1.0572559300753688,24510271101
0.9169653649396301,-0.9187220930044099,-0.04948594571578867,0.9719684214521769,-0.6962706640760538,0.0476747982580878,0.0854916912425535,-0.8061617341365663,-0.15189416750382992,-0.6020443979358111,0.4518462203442053,-0.2883578290623303,-0.3625297698372846,0.4681119343095105,-1.0690857495475747,-0.010637378132538223,-0.8455206144228558,-0.16664108439117414,24510270502
-0.8070673921826164,-1.3180503892773199,-0.06646312188165299,0.8141890110990149,-0.06655311934016982,0.09845244647905378,-0.3630224845841316,-0.11342633064297482,1.073638180532243,-0.18743296633791884,0.13705123436577432,0.16682812970344202,-0.3625297698372846,0.7511353679510022,-1.0533320510301045,-1.0079082672092488,-0.33007917176450224,0.1626729712127615,24510270702
0.042598118384971455,-1.1211112621961055,0.6816668322717802,0.15779581165126652,-0.513272900641621,1.309290641421356,-0.035027178255550385,-0.5166414425428087,1.1031802051081925,1.0734023947136389,-1.1494334526842156,-0.7797086233934649,-0.3625297698372846,-1.4153336582388283,-0.14180821530363016,-1.0079082672092488,-2.0078250088609804,-0.6914163289363645,24510160801
0.21399179361171417,-0.9187220930044099,-0.5920034782426943,0.4288804616454132,-0.6693806830937064,0.5646109885810534,-0.14392429970723145,0.16313984337599627,-1.2134144925699533,-0.3587285318543139,1.195018181475725,-1.5563297825482165,-0.3625297698372846,1.0732330659054852,-1.6249556058578907,1.4962905713026364,0.33192935867835577,-0.21684455387873758,24510270301
0.8928533543009932,0.3641080109646302,-0.015837832371366153,0.44088985178429696,-0.4259721911507992,-1.3306628556794315,-0.4609945405116147,-1.0742892525876488,-0.07102453869883206,-0.43794003002193543,-0.07343086999871909,0.04567679373892574,-0.3625297698372846,-0.15213906774028965,-0.021975323113575602,0.8739510644018189,-0.301669453932801,-0.057505631076245546,24510120300
-1.216804197050705,-0.10251271640932129,-0.2788649615820042,-0.10834905039490429,-0.6560340971745772,1.1683531486407974,-0.9195347111322186,-0.03554682059841316,0.24726782838511405,0.8587877860913087,-1.1494334526842156,-1.5563297825482165,-0.3625297698372846,0.7511353679510022,0.02824573768934544,-1.0079082672092488,0.5156373199683811,0.23600913816179736,24510150701
0.3694744913155084,-0.134566347885066,-0.15294976692394163,0.7065212729973959,-0.8780089017537477,0.9194269426495223,0.7285273637838094,-0.41760935100791785,-1.2774224324826835,-1.8065062547886703,0.30880155665383796,1.4435943538723237,-0.3625297698372846,0.8119272510707725,-0.945776172238155,-1.0079082672092488,-0.41763014244414615,-0.7800580548730697,24510272005
0.34474246053485635,-0.047207634171208455,-0.2605086395756503,0.16390399504501216,0.07320436235142055,0.9064748646245787,-0.26542347114181347,-0.549998244438355,-0.826156176722486,1.0044213403528073,-1.1494334526842156,-0.3687315246494646,2.7639285884817344,-1.4153336582388283,-0.8936497478508426,-1.0079082672092488,0.7401154109140827,-0.7771920602119461,24510150900
0.9676100615997741,-1.305184792885849,-0.2788649615820042,0.3322702900253599,-0.4014931416921969,0.7332392209322648,-0.2046061371010312,-0.7713615191880885,-0.17554046733647505,0.9458096636927513,-1.1494334526842156,0.11235383323667478,-0.3625297698372846,-0.8529754537472553,-0.11868411116328502,0.8314794849162773,-0.6043258800290304,-0.29314955099538165,24510270901
0.16779394102594777,-1.0977119166902853,-0.469958635680397,0.941917014704089,-0.6295329683617622,0.0476747982580878,-1.0830578232654289,-0.6003704403440244,-0.6685200090563677,-0.45655494399874935,1.7421636556577014,0.5633916350247312,-0.3625297698372846,0.8411020301054111,-0.6401990337251582,0.11388548523221065,1.3799538394853414,-0.8815237033142689,24510270804
-0.3353416904963639,-0.1832879519423236,0.14668008470742794,0.336094382241992,0.7285397024487781,-1.5356177143139533,-0.27760352439476843,-0.8061617341365663,0.8743790388324097,0.999518848772866,-1.1494334526842156,0.987849487951606,-0.3625297698372846,-0.3728775566971327,0.0887615277558519,-1.0079082672092488,0.7930705440108698,-0.6428846138693193,24510270701
-1.8485810149268058,0.7566501265994983,-0.7205605137978297,-0.7736626229387965,0.1872492134482277,0.7195213714837165,0.5274077324387653,0.10256808209706962,0.677806626112013,0.9897237748659441,-1.1494334526842156,-1.5563297825482165,-0.3625297698372846,-1.4153336582388283,0.15374567132706807,-1.0079082672092488,0.20077781348720788,-1.421210714169275,24510200702
-0.898306720755757,-0.31723809372159184,-0.7205605137978297,0.8086184724827091,-0.4382871062188587,-0.8683137278683597,0.16956813652941022,-1.3569244001208147,-0.3744961979519376,-0.5662471349281755,1.1752713083384305,-1.3336007624904294,2.7458183797606197,-0.08641825387876902,-0.6133626055979231,0.6818521988225583,0.7041484721094804,-1.4874128502537551,24510060300
1.4873217148214162,-0.7826426032794189,0.8121546330554652,0.23487874620618937,-0.7785886372194326,0.5646109885810534,0.34897575985242024,-0.7023767418742505,0.3829366165970734,0.5903801645288114,0.13705123436577432,-1.3336007624904294,-0.3625297698372846,-1.4153336582388283,-1.2583318981347535,-0.010637378132538223,0.6676296790688426,0.5320358234215293,24510270805
-1.14712604518958,-0.6633037676190773,0.614446696171285,-0.23842462574329304,-0.20092553373570057,1.1078448237854233,-0.6333984538145492,-0.23985062494773865,0.2769481440254469,1.0783542959268506,-1.1494334526842156,-1.2019645317271401,-0.3625297698372846,-1.4153336582388283,-0.6946078577657478,-0.31729693252315505,-0.44762759924306367,-1.1529441742187847,24510280402
-0.33874748687678363,-0.2662909835080709,-0.08354463363820662,0.07826937173296991,-0.6962706640760538,-0.20147910364159297,0.5036709213478562,-0.6681828994979196,0.8901808917552413,0.8925015845880848,-1.1494334526842156,0.6907767607796984,-0.3625297698372846,-0.221516606394154,-0.0051622199708329305,-1.0079082672092488,-0.7042790459196513,-1.8324942741580232,24510280302
1.8761583225756262,-0.9403558124640727,-0.3918010851414565,0.5323009383841638,-0.8925327647691288,0.5210177902692417,0.9637383771858546,-0.7713615191880885,0.1663684023618667,-1.175186163670172,0.6269061564789102,0.7838550333246525,-0.3625297698372846,-0.7420538541986299,-0.8353042113829555,-0.5090521763293279,1.0730197894139666,0.5822162505397587,24510272003
-1.0946411084169823,0.49306735048296696,-0.5302225417214376,-0.3461231781073433,-0.3772110537225304,-0.8215915250418879,1.4416187276689356,-0.3200637687655135,1.2748794977117093,0.6786319224070044,-1.1494334526842156,1.1133750240951534,-0.3625297698372846,-1.4153336582388283,0.22299267116142213,-1.0079082672092488,-1.2488143477816591,-1.0520572908833201,24510260403
0.6456064436412815,-0.39538476560139874,-0.03261140198254593,0.5528824095902772,-0.2238690280636596,1.5641980634841084,-0.25324898725817324,0.16313984337599627,-0.7144064643624275,-0.046103196957506525,-0.4980092034577218,0.16682812970344202,-0.3625297698372846,-1.4153336582388283,-0.4889957561080283,1.1498271951750574,-0.7042790459196513,0.40725888446554054,24510271900
-0.5041667561134279,0.03777622726710454,-0.2605086395756503,0.9805284481030581,-0.6032818070412036,-0.7756617052468485,-0.8694927728014701,-0.7713615191880885,-0.32300626679374256,-0.3890997323456132,0.514819582333516,0.8399782474952769,-0.3625297698372846,1.5756394057669503,0.19649693089421177,1.381251680359121,-0.1916123348215841,-0.10054398433894747,24510120500
3.126727963174653e-05,-0.4939322756374364,-1.416168247347346,0.2717136267289428,1.5084810759997236,-1.3026975436817614,0.9050718202165152,-0.8940998690360561,-0.059701254715781304,-0.651510290490745,1.9715061244942438,-1.5563297825482165,-0.3625297698372846,1.5614453447417354,-1.2242594568105385,-0.010637378132538223,2.137469063259024,-0.276911247278094,24510260700
-1.0269158877641686,0.9973405453114712,-0.11802771107191419,0.23982238448443166,-0.13305412500490657,-1.0638116137413112,0.34897575985242024,-0.7713615191880885,0.7859281597424026,0.03664474561673504,-1.1494334526842156,-0.1693779220952023,-0.3625297698372846,-0.8529754537472553,0.4842394930625274,0.7856024184839878,0.9452841484848704,-0.7872513652771602,24510120400
-0.6057337912394323,0.2445303376401298,0.5458094512076072,0.05801803410224152,-0.29370826994621635,0.7740458540502025,-0.38747984955229603,1.1161360391486275,0.44821746880968044,1.033905585424984,-1.1494334526842156,-1.5563297825482165,-0.3625297698372846,-1.4153336582388283,-0.11292566192663861,0.5582926377293764,-1.53758725591737,-1.838623708401177,24510150702
-0.2813542245187585,-0.3258167464936402,0.5319047254017353,0.4344723348150809,-0.32921905305957033,-1.1937957148073064,-0.083374394390566,-0.4834600452505078,0.5209256841396653,-0.19537408187742494,-0.4980092034577218,-0.7344351485744443,2.757630811304238,0.8119272510707725,-0.6672782777867807,-1.0079082672092488,-0.5720417985063863,1.3573020954995945,24510210100
1.4329911839392055,-0.605641654200238,0.050278390118585974,-0.043183090848738025,-0.7371126868344078,0.46193834214264773,0.26537759100473807,-0.2080280539330359,0.6862700437193894,0.9215289052742577,0.3834286028479918,-1.243315701635912,-0.3625297698372846,-1.4153336582388283,0.28590462147278795,-0.7357553199597429,0.28904239802124637,0.5123044776731285,24510270802
0.5753777897921305,-1.2545114098714039,0.06657050352657837,0.27230684550315776,0.5096683487452182,0.19751303412425303,0.02529367960063102,-0.09778235564519272,0.677806626112013,0.22370832733233514,-0.33808435786015534,-1.243315701635912,-0.3625297698372846,-0.4558551092498443,-0.9836631106030519,0.5582926377293764,1.5655821528886613,-0.782930510590244,24510270102
0.667033413044509,0.16484546484190826,-1.1304886164113601,0.06181549241955531,-0.6295329683617622,-0.056544576158652105,0.04938745692400004,0.660042791888128,0.5209256841396653,0.6786319224070044,-1.1494334526842156,1.4034523782398405,-0.3625297698372846,-0.29494363816963937,0.30666876090765355,-0.5090521763293279,-0.036250517042803534,-0.1857568053599958,24510280301
-1.14712604518958,0.20854514600587667,-0.9279444172764667,0.13251960829076073,0.277955100708203,-0.1645683491814204,-0.9571482593468804,0.9803341819340617,-0.4677849232248559,-0.21910937663945637,-1.1494334526842156,1.5266921324567604,-0.3625297698372846,-0.29494363816963937,1.0685752417003043,1.369115658972559,0.03752497141512353,0.34011680553319107,24510170100
1.325154646128862,-1.0977119166902853,-0.3159670364841778,0.34286592058885745,-0.06655311934016982,0.06469630209907469,0.4323615692308399,-0.3524191401431704,0.24726782838511405,0.061748598084951825,-0.33808435786015534,0.14389120842573822,-0.3625297698372846,0.09198694675624763,-1.3730048816718896,0.11388548523221065,0.9616211951781208,0.3587778237602033,24510260101
1.3056526850221473,-0.0866103299237117,0.6816668322717802,0.478680083111251,-0.1781441457815865,1.9002859971865154,-0.832041395096007,1.6538478044241334,-0.826156176722486,0.8780328273532684,-1.1494334526842156,-0.2631878165423361,-0.3625297698372846,-0.7420538541986299,-1.0454933085014564,0.8739510644018189,0.20077781348720788,0.025306607835431767,24510280200
1.028957312849641,-0.03158482778814452,-0.04948594571578867,0.9269369925409958,-0.6295329683617622,1.606679382188139,-1.7671286649200295,-0.1605672208929249,-2.1619804055171383,-0.9225174710040999,1.2824241490680106,1.378579248124716,-0.3625297698372846,-0.4558551092498443,0.6117445560109096,1.7393054535232775,0.5156373199683811,1.0696713888699931,24510140100
-1.0748057634643349,0.9680451036583776,0.30064581990464956,-0.0945665694602711,0.7989928035052748,0.46193834214264773,-0.13180387497102006,0.856372414903406,0.4938887292128908,1.0044213403528073,-1.1494334526842156,0.6247020018608558,-0.3625297698372846,-1.4153336582388283,0.7734248015510158,-1.0079082672092488,-0.1916123348215841,-1.1359107400893929,24510170300
1.6778042269858209,-0.43081882819188955,-1.4472578132266818,-0.47467852730043103,-0.6693806830937064,-0.2958607212634522,-0.4609945405116147,-0.9654590233005703,-0.4272852180608953,0.44452711356197183,1.7006668746192204,1.4533862689036923,-0.3625297698372846,1.2824063424141265,0.16982979063390682,1.4449473888756301,0.5545656299536172,0.5872619441519293,24510260201
-2.127922249014858,1.1124466891503757,0.7605674255118919,-0.7460244121128339,0.2479678138591325,-0.7529843012994878,0.3131743598664564,0.8007246561735967,0.3923616019459034,0.049180601101831874,-0.07343086999871909,0.8141985875246351,-0.3625297698372846,-1.4153336582388283,0.30666876090765355,-1.0079082672092488,1.2238979319415546,0.019490038086021188,24510260303
1.9012543378126519,-0.5492084916234509,0.1937120213340755,-0.036619025944124965,-0.4880643319333989,1.531994654405724,-0.22891660529782482,0.3125090402829318,-0.0038971200596340846,0.9555451792649766,-1.1494334526842156,0.06282644097667436,-0.3625297698372846,-1.4153336582388283,-0.9533088369203012,1.4352985895169437,-0.24594472114758228,2.173391882552197,24510280102
0.2588506295472607,-0.4130460125247552,0.14668008470742794,-0.3422829944644178,0.5190290667533053,-0.20147910364159297,0.36090086784120673,-0.06659709516059911,1.4446101001670368,0.8732165681470895,1.2495417287963821,-0.5752503567314411,-0.3625297698372846,-1.4153336582388283,-0.6537078429106354,-1.0079082672092488,-0.9582385639068839,-0.01984526746409382,24510250102
-0.48086742139198047,0.20130155255708085,0.6549437916498951,-0.20998970055278607,0.6838972412358552,0.22982779574181467,0.04938745692400004,0.645847909505912,-0.9278812243759001,1.0585664136557542,0.6269061564789102,-0.9923696402655251,-0.3625297698372846,0.42720060021817974,-0.2777215278998462,-1.0079082672092488,0.57379024267711,0.2454894622466204,24510150300
-0.44184381921196914,0.9562666247922325,0.9130427052058758,0.12652022237565438,1.0451513427796335,1.3207755365887262,0.5392700327498637,2.7943197080222397,-0.4541954637626338,0.8684036407740449,-1.1494334526842156,-0.48958956526734054,-0.3625297698372846,-1.4153336582388283,1.2721178094663566,-1.0079082672092488,-0.7386932373115623,-0.1927883419119106,24510200200
-0.12557959443291727,-0.25788534769603033,-0.5920034782426943,0.3255161399091987,-0.2585960108815406,0.14838791520148645,0.03734301289646136,0.6031208418412362,0.6091703725818762,0.3684743917437942,0.4518462203442053,-0.2756789806484814,-0.3625297698372846,0.03536763402701196,-0.22985733792399868,-0.5090521763293279,-0.7042790459196513,-0.5655895271630202,24510130200
0.9624032170417687,0.30835513480936616,0.41841887489721186,-0.8203338572725665,0.5931341306597411,0.09845244647905378,0.27733343900677504,1.0348930351493368,0.9756363745663739,1.0833094824394587,-1.1494334526842156,0.492488328644322,-0.3625297698372846,-1.4153336582388283,0.4991342849828872,-1.0079082672092488,0.5545656299536172,0.5217713541225584,24510160500
0.8709560617560278,-0.3001565969001074,0.2092244056918457,0.16814791611762128,-0.682792546434211,-0.09211393350713022,0.07346177253417834,-0.5835341409963019,0.237296751080414,0.47613259268574987,0.30880155665383796,-0.4421774306537305,2.7639285884817344,-0.7420538541986299,-1.1089278187850347,-0.5090521763293279,0.722199766931826,-0.3223696134583399,24510270801
1.512954882188606,-0.8972832606935507,0.587166362659278,-0.5264883412836333,-0.6962706640760538,0.8276660134943201,-0.8071111124587332,-0.05105522750171763,0.17662530703482204,0.863594046374725,-1.1494334526842156,-1.5563297825482165,2.7458183797606197,-0.08641825387876902,-1.2242594568105385,1.8687398147769652,-0.6043258800290304,1.4805715480694555,24510270902
-0.6964839573167019,0.7254850529665792,0.11490107193468524,-0.7790969409017637,0.8854512570824453,0.47681278974126284,0.2055308830536125,0.8840667349154521,0.635105688157974,0.9750559536752845,-1.1494334526842156,0.5969060494887888,-0.3625297698372846,-1.4153336582388283,1.784476615168077,-1.0079082672092488,0.061584778682701805,-1.0154547467650545,24510160100
-0.8767532012975789,0.7066623548647457,0.36009562654667365,-0.1960708506985666,1.262817880700035,-0.8215915250418879,0.32511252507397476,0.7447242477913033,0.13533973793196555,0.09964503321559869,1.5796653647350751,-1.5563297825482165,-0.3625297698372846,-0.024014536189903374,1.0242548290699567,-1.0079082672092488,1.103940791532614,-1.458663773765087,24510190200
0.8429490767157481,0.15015003131430332,0.2704796774960648,0.01236331801157079,0.28789724769105085,0.7332392209322648,-0.26542347114181347,0.10256808209706962,-0.14016365664312155,0.5215751268642148,-0.6820579307024185,-0.25087859755878794,-0.3625297698372846,-0.3728775566971327,0.35302322458242646,0.5582926377293764,-0.6043258800290304,-0.16577978239052205,24510090100
0.17360396565488087,0.336344002535741,2.041034009930057,-0.633397640245367,1.6048886730295433,0.6218168917593607,0.4323615692308399,-0.3039446893060353,-0.26034489369682356,0.6227514845117117,-1.1494334526842156,-1.5563297825482165,-0.3625297698372846,-0.29494363816963937,0.3221758513463855,0.6818521988225583,0.7755486447761157,-1.3187478184760755,24510090600
0.2623852311853288,0.4053434866894676,-0.1883262255238608,0.5456776864493218,0.36649978447539416,-1.4164591697445146,0.5866789224422224,-1.0742892525876488,0.31599337075310946,-0.6091575023093122,1.5364982762355301,-1.0235515766184466,-0.3625297698372846,1.6947819154256205,-0.41916154187350385,-0.010637378132538223,0.9616211951781208,-0.29603882652770164,24510060200
2.19496913538283,-1.5361634722979138,0.11490107193468524,0.2477708251010128,-0.4259721911507992,0.9451787719939514,0.04938745692400004,-0.03554682059841316,-0.048433068235278424,0.6879927043276364,-0.07343086999871909,0.9032423958476286,-0.3625297698372846,-0.29494363816963937,-0.08426654628991767,1.1933526077537264,-1.8785102595642307,1.2378094615264055,24510270803
1.263144204513421,0.8486534695957046,0.614446696171285,-0.9052270095002383,-0.05559708005339263,-1.115030743507919,1.6728171851182188,-0.7540392601909083,1.4906341940051833,0.7966103295276454,-1.1494334526842156,-1.383239739117115,-0.3625297698372846,1.1185790350874094,0.21770705869555598,-0.7357553199597429,-1.204603186071633,-0.14276872377650512,24510260301
-0.48891214452238596,-0.33442095544824724,1.3011875276289124,-0.7396870942969274,0.5190290667533053,0.08162176732282724,0.14556981691856047,1.2500119770554488,-0.4406960952259143,-0.17549382287439108,0.3834286028479918,-1.5563297825482165,-0.3625297698372846,0.6531716675708703,-0.3631084733200808,0.48722421872052524,-0.7736898027699938,0.14918532900728934,24510200600
-1.3803038359005482,0.8121149646617791,0.6415003743324434,-0.4061668528695675,0.9195563973322521,0.8009667895491602,-0.6581316108953129,1.4604606368380528,-0.17554046733647505,1.0191486204085403,-1.1494334526842156,0.8472177005384068,-0.3625297698372846,0.24741636954503585,0.6550778604558983,-1.0079082672092488,0.4357791801424984,1.260664623822079,24510150500
-1.248234812356592,1.0206241867028767,1.035163068373326,-1.173927734478985,0.5839454867523679,-2.159137092550069,3.4410793872057432,-0.05105522750171763,2.9087725727852676,0.8491852724487519,0.13705123436577432,0.4213674163056804,-0.3625297698372846,-1.4153336582388283,0.6789815727297503,-1.0079082672092488,-0.0613965115764821,-0.8061458903054811,24510080800
-0.7842122890365406,-0.15882926596365235,-0.634086260991753,-0.49168300378120966,-0.1107390016305343,0.013338532803005032,1.2441394840466826,0.1782075052427517,1.1031802051081925,0.512459203139067,0.4518462203442053,-0.9923696402655251,-0.3625297698372846,0.618505739136639,0.3014872078169338,-1.0079082672092488,0.9288366293898804,-0.027427512833481063,24510250203
0.11134354346892074,0.8121149646617791,1.2108375064263883,-1.031367293225383,0.8164244752578015,0.6919087435378961,0.013239432914749353,1.2632976863438634,0.41111115983094026,1.0635084524981304,-0.19771503923886447,-1.2019645317271401,-0.3625297698372846,-0.7420538541986299,1.0729868963541225,-1.0079082672092488,0.8448821148190376,-1.2333525221281418,24510090700
0.013774527733963251,0.7690451431940254,2.6056017766240553,-1.0139704679008539,1.3641239415097934,0.9064748646245787,-0.5101260255555675,0.37146912381622343,0.21723563138249505,0.9946196599102444,-1.1494334526842156,-0.4120155143721773,-0.3625297698372846,0.6531716675708703,0.80140436249431,-1.0079082672092488,0.17816627991892778,0.3341806185794932,24510090800
0.9537087334387543,0.8667948187722755,0.7735383686499432,-0.7996668622429087,0.1565052053606353,-0.1645683491814204,0.5274077324387653,0.4154059060563032,0.7695555076039291,1.0684537798776517,-1.1494334526842156,-0.7344351485744443,-0.3625297698372846,0.5827362811393603,0.44929212299152516,-1.0079082672092488,-0.08683131271202657,0.15562938938582954,24510160700
-0.102586591422944,0.8667948187722755,0.8121546330554652,-0.8790127295769518,1.1188555115588867,0.13183433014899393,0.5748327137167119,-0.004629271142258898,0.6693178960774752,1.0833094824394587,-1.1494334526842156,-1.5563297825482165,-0.3625297698372846,1.6695554493059714,0.4991342849828872,-1.0079082672092488,1.3936722765764065,-0.6111327941584448,24510150200
1.4314569542575886,0.1575059217087376,0.7993314644219779,-0.07559696719437603,-0.5643585112995055,0.5501466851191894,0.06142703557897419,0.23818395007249038,0.24726782838511405,1.0486922059122916,-1.1494334526842156,0.4382768733808486,-0.3625297698372846,-1.1061411594964612,0.24932064702149953,0.9843428412297057,0.22316645920337067,-0.13855832484986924,24510150800
0.4359058786518534,0.6239891465975895,0.41841887489721186,0.2742330229252631,0.7902501247516335,-0.5780035639732927,0.07346177253417834,0.5170115032468448,0.41111115983094026,-0.3966550249515116,1.4371823223524152,-0.04551882485584398,-0.3625297698372846,0.618505739136639,0.5139802727910127,-1.0079082672092488,1.3243218762644968,1.352249543936317,24510210200
0.06817285786845295,1.402951588109265,-0.5302225417214376,0.16646790358896274,0.2379177003191595,-1.2750355840251149,0.6221937214800369,0.22323352079346948,0.8184004813742642,0.05336636416033445,1.6112130339229684,-1.5563297825482165,-0.3625297698372846,0.4681119343095105,-0.08426654628991767,-0.31729693252315505,0.3530763957132875,-1.2273063178482189,24510060100
0.9629821192238754,-0.25788534769603033,-0.6129525094471653,0.37758909367166277,-0.6962706640760538,-0.27673652048852554,0.5866789224422224,0.010780420259722277,0.7695555076039291,0.5398480283659846,-1.1494334526842156,-0.19187836985495746,2.7458183797606197,0.3847859240583779,-0.5147706523997845,0.48722421872052524,-0.5720417985063863,-0.4051007689208625,24510250101
0.18085219929036034,0.29427473570059415,0.2092244056918457,-0.2679334721359128,-0.9664495699953825,-0.6641074033073521,0.8110181312765475,-0.46693400609360014,1.1542202232796883,0.9506757645816962,-0.8963747200613758,0.5486492334425577,-0.3625297698372846,0.7194323791989562,-0.3692903254453264,-0.5090521763293279,1.009985628680574,-0.7349603188110627,24510260203
-0.4198935707408388,0.4528483174613594,0.6683324113016625,-0.3116740441982338,1.6560506430542175,0.08162176732282724,0.24145246287750713,0.3567699605130571,-0.4541954637626338,-0.9446974327647387,1.599025480371568,0.36262409441380766,-0.3625297698372846,0.14607104418300604,0.2650383694253578,-1.0079082672092488,1.1646446712559333,-0.15208720256299327,24510250303
-0.898306720755757,-0.1751130253814831,0.017412803139772923,-0.28100268619316143,-0.513272900641621,-0.4536296487805579,0.3131743598664564,0.856372414903406,-0.026059122404668362,0.19349030766984632,0.514819582333516,-0.7127270760753763,-0.3625297698372846,0.4681119343095105,-0.136013548103802,0.48722421872052524,-0.9199668019578972,0.7566064711886712,24510090500
-1.3278815035644855,0.578698442631912,1.1993867024036342,-0.40417136530642384,1.020313996555378,0.13183433014899393,0.38473815985553705,0.8424930626188669,0.7530899996589678,1.0684537798776517,0.7674269405783153,-0.5935164753629114,-0.3625297698372846,-1.4153336582388283,1.4561481624014145,-1.0079082672092488,-0.1916123348215841,-0.22860988658451997,24510080500
-0.12160339812121944,0.9914985424817462,-0.03261140198254593,0.1128653116169352,-0.20092553373570057,0.08162176732282724,-0.707679367111866,1.5769280820005787,-0.23577957350166542,0.35515712611959555,-0.07343086999871909,1.4707773112856255,-0.3625297698372846,0.09198694675624763,1.1474323988098234,0.3213411905929149,0.10894369082258315,-1.308048313508753,24510130100
-0.2855382264546963,-0.06290888336397152,-1.1040696348576762,0.16318204787318424,1.2391300100990437,-0.2958607212634522,0.25341727239823975,0.25310562440368634,-0.18745803746993006,-0.7311145444390397,1.92332789057123,0.11235383323667478,-0.3625297698372846,1.4558598145994452,0.03931819072306636,-0.31729693252315505,3.0637153426332198,0.18852106653293008,24510260800
-0.06254861313216388,1.03799929639228,-0.6769259642888065,-0.012375837400282487,1.5606221275271175,-0.1100607333220076,1.1158633264285471,-0.2080280539330359,0.1457261064961987,-0.5045099008870454,1.7617822883606113,-1.5563297825482165,-0.3625297698372846,1.3195720892206544,-0.13022800692167028,-0.7357553199597429,1.8094746362677803,-0.4669799690462036,24510261000
-2.4258810154483026,0.19404221630889057,1.9567769165681155,-0.6034288171708487,-0.5902477611527712,0.8276660134943201,-0.5716815103032596,0.1782075052427517,-0.6836907313154258,1.038831165321326,0.30880155665383796,-0.07485477455707268,-0.3625297698372846,0.7511353679510022,0.8981106382529221,0.22372836222551176,-0.44762759924306367,-3.774032239131349,24510080700
-0.6611735051962451,1.03799929639228,1.1299175568636515,-1.1629532459933165,0.7374111132743064,-0.8919820737113943,0.5629825068062839,0.502573097691687,0.3829366165970734,0.9409468777140912,-1.1494334526842156,-1.5563297825482165,2.757630811304238,0.6531716675708703,1.0508917648087293,-1.0079082672092488,0.15532688037857512,0.3172634472696135,24510080102
0.8828087807436439,0.9797889799254969,1.0709904325569726,-0.39948593899095197,-0.1107390016305343,0.9960858865959314,0.9050718202165152,0.3125090402829318,0.45741399769357605,0.9215289052742577,-0.4980092034577218,-0.6509211044391059,-0.3625297698372846,-1.4153336582388283,-0.5212472454684112,-0.5090521763293279,0.39479736752726136,-0.004090520459480465,24510271002
-0.4348024347366803,0.7317385473536989,-0.7875936012776754,-0.2612793860093295,0.3762113079989629,0.2934504368018573,0.6694917844551744,0.8702302623474149,0.8822904281542286,0.8684036407740449,-1.1494334526842156,-0.08485891079734778,-0.3625297698372846,-0.6396056900043349,0.7734248015510158,1.0746234962588304,-0.6704261754797537,-0.909772127429414,24510140300
2.253927599130089,0.8486534695957046,1.1993867024036342,-1.0306885511582675,0.17703027567495894,-0.18296537201063676,0.6221937214800369,-0.27182191641721737,1.0958207901704518,0.9458096636927513,0.5729915083937684,-1.5563297825482165,-0.3625297698372846,0.19782123793038187,0.6310530266925239,-0.7357553199597429,0.5156373199683811,0.28937582584641935,24510260302
1.0072867977872544,0.5130088983744331,0.5458094512076072,-0.6881456165215825,1.325413357322955,-0.6641074033073521,0.4442568669846949,1.0756026432593073,0.18684001963536362,-1.0222624983504385,1.4475548399490301,-0.35478893541963746,-0.3625297698372846,0.618505739136639,0.35814311675360655,-1.0079082672092488,0.6117746463843381,1.6012828317112644,24510250500
1.0215579668298749,0.30835513480936616,0.6549437916498951,0.15610331429038685,0.277955100708203,1.0833318277484867,-0.28978917799976034,0.8840667349154521,-0.5371430223395363,0.11658034533952603,0.9492308403090507,0.686513746647741,-0.3625297698372846,-0.024014536189903374,0.5923561435149632,-0.7357553199597429,0.49592767068116306,0.05463870117086893,24510090300
-0.931470987989493,1.10108093151927,0.4614557743990657,-1.5892720172145183,0.6387675424451963,-0.535930237351652,0.42046206776023226,1.6282710082281204,0.2769481440254469,0.999518848772866,-1.1494334526842156,-1.5563297825482165,-0.3625297698372846,0.5457968801280166,0.7311532709231836,0.7856024184839878,0.6305399083880903,-0.3987700061720093,24510200100
1.5952531502342049,-0.3517069200106455,0.3156171198734845,-0.3056014429662597,0.2379177003191595,-0.6860586003622849,0.10953716664922136,-0.004629271142258898,-0.4406960952259143,0.8732165681470895,1.0868744135850588,0.9399468573080322,-0.3625297698372846,1.2824063424141265,-0.12445154378857495,-0.7357553199597429,-0.301669453932801,-0.1936703403132749,24510260202
0.679577211441923,0.5130088983744331,0.3893944713683338,-0.04754450622266156,-0.6962706640760538,-0.27673652048852554,0.5036709213478562,-0.3524191401431704,0.5388024290576514,0.9263784204219954,0.514819582333516,0.6907767607796984,-0.3625297698372846,-0.29494363816963937,-0.044508377779665,0.22372836222551176,0.6676296790688426,1.4811638261659021,24510280101
0.38040905611393666,-0.05504838304705578,-0.48988421848806984,0.08879598512929306,1.2863877392935579,1.5103591248753028,-0.7697705821950955,1.5769280820005787,-0.6836907313154258,-1.1638331218546512,0.13705123436577432,0.8929841139749716,2.7615841698098724,-1.4153336582388283,0.1213848795035052,1.6690022585204338,-0.2186093118954376,1.6406578800167715,24510250103
-1.3146385813378758,1.3010723555083967,1.176377147942095,-1.7441310019104515,0.5747358563203805,-0.844851590354247,2.6885450481478066,0.7165890273372368,2.220770230948914,0.4988110049202749,1.1105209751858562,-1.5563297825482165,-0.3625297698372846,0.2950159935538207,0.7264336625854607,-1.0079082672092488,-0.6371147287453921,-2.177315375394019,24510260604
2.037723323511868,-0.2662909835080709,0.6280015495016783,0.47575815945740413,-0.21237679900179732,1.6486522447968883,-0.035027178255550385,-0.08217270823700187,0.9137282119856981,1.0734023947136389,0.3834286028479918,0.3504056297690859,-0.3625297698372846,-0.3728775566971327,-0.30797344709179025,-0.5090521763293279,-0.6371147287453921,0.6927713112241013,24510151100
-0.43304464255309155,1.1911452346879354,1.2900132639982935,-1.2113585802765672,1.167340007193398,-0.5568877459400182,1.7304341321449623,0.502573097691687,2.0456387693740687,0.7823419994857066,0.6770273897818095,-1.243315701635912,-0.3625297698372846,-0.29494363816963937,0.5435279526571872,-1.0079082672092488,0.0853890388544122,-0.3717205989488408,24510250301
0.5102874347156966,0.35025379178616306,0.3305152186990262,-0.31521809496787173,1.410171449226022,-0.5992805046653031,0.28928483653873804,0.5888304900810304,-0.026059122404668362,-0.8515089506867743,1.528650107632217,-0.7567500818752737,-0.3625297698372846,1.1405347769093641,-0.0728641803796563,-0.7357553199597429,1.8210893513105975,0.19287160376296214,24510250401
-0.3361927861537116,1.4240989591058881,-0.43057739163208136,-1.274939272093751,1.4025270718638834,-0.4739805652389895,2.609362222843701,0.0873486717334155,2.2474371795095007,0.8539848610675426,-1.1494334526842156,0.7838550333246525,-0.3625297698372846,-1.4153336582388283,1.0861999092194694,1.04641487700736,0.15532688037857512,-0.1936703403132749,24510140200
0.7643338330297771,-0.03158482778814452,0.2552828110347866,-0.3837737801748284,0.7285397024487781,-1.2750355840251149,0.9050718202165152,0.3125090402829318,0.8022093608506548,-0.17549382287439108,1.6696361057114786,0.087938547583673,-0.3625297698372846,0.34076302024040483,-0.22391971609257244,-1.0079082672092488,1.009985628680574,1.0797191438185627,24510250205
-0.013770671343944796,0.32936806908813426,0.08277073667072382,-0.7667842438214189,2.3187719921865297,0.013338532803005032,0.1335636451380891,1.564052457807293,-0.16368614433192413,-0.02966862272059628,1.7738726688012472,-0.00788722222843572,-0.3625297698372846,0.5457968801280166,1.5094149472410028,-1.0079082672092488,1.2238979319415546,0.4167810831731177,24510200500
-1.1584256010641723,1.2188961110999232,0.9005923773852489,-1.9031288721521968,1.0368874645481394,-0.7985295246325944,1.5111034303086732,0.07209818510626567,1.7967888902295195,0.8925015845880848,-1.1494334526842156,0.15924821767649078,-0.3625297698372846,1.0498037045370334,0.716980604347553,-1.0079082672092488,-0.27362811106044177,-1.653933408758702,24510200400
-0.4542057990673192,1.5998911020298754,0.6008351819322117,-1.7311522854453207,0.31756585105359897,-0.1100607333220076,1.615128290047385,0.23818395007249038,1.0287931036276794,1.0142362272679706,-1.1494334526842156,-0.9057150743330399,-0.3625297698372846,1.9634702054760917,0.8889803362752682,-1.0079082672092488,0.33192935867835577,-0.819392086217195,24510160400
-1.588011392412065,0.357187808002172,1.176377147942095,-0.7848436373490598,1.143161528807357,1.0086909697089812,0.03734301289646136,0.7727690816796979,-0.38756821558257626,0.863594046374725,0.13705123436577432,0.16682812970344202,-0.3625297698372846,1.0013253253066525,1.398233477579649,-1.0079082672092488,-0.8455206144228558,-0.5181862638844443,24510080200
-0.5249296932347189,0.35025379178616306,-1.0522274384145782,-0.9432718082631474,1.8906840575113415,-1.4457198550475052,1.0457240123436249,-0.5332976904278761,0.7448219760839012,0.019980340054393288,1.955280698575053,-0.7567500818752737,-0.3625297698372846,1.91561724640644,0.4742822513365873,-0.5090521763293279,2.8887518811029955,1.5718408041122813,24510260404
0.38245538685893044,-0.34305093933508773,0.2856003394161507,-0.5337173289671344,-0.044676502139436684,0.3247742867142188,0.8345534495694179,0.5458132020586415,0.9448405383567254,1.0635084524981304,-1.1494334526842156,-0.6915922212095766,-0.3625297698372846,0.4681119343095105,-0.08426654628991767,-0.15299102123533442,0.5351823002482579,-1.0933308125184198,24510160802
0.46332122701125467,-0.46670737908482185,-0.29735026823834443,0.07954689033829741,-0.6032818070412036,1.6277284842717366,0.5866789224422224,0.9666438065750877,-0.5799525325931371,-0.8482347144611381,1.3412317527837185,1.500979432726083,-0.3625297698372846,-0.5445115228162466,0.6550778604558983,-0.15299102123533442,-0.301669453932801,-0.1980905854139781,24510272006
-0.25222297807309474,1.0031740762571382,-0.08354463363820662,-1.3558226946767515,0.9365097127453993,0.6076117485971382,0.28928483653873804,0.8146693167236214,0.5298786706615866,1.0536276644326321,-1.1494334526842156,-0.7567500818752737,2.7458183797606197,-0.08641825387876902,0.9795563182823401,-1.0079082672092488,1.750614664717158,-0.7714793513167062,24510271802
-0.15114600336426698,0.9266671088017027,-0.4501908025823115,0.11958511481370461,0.7374111132743064,1.0462209940162714,-1.701128440872742,0.1782075052427517,-0.9454358801236822,-0.47876780907594063,1.628511392822298,1.4592164115628954,-0.3625297698372846,0.34076302024040483,0.8614899448416488,1.7190421486902154,0.7401154109140827,1.0405873071388034,24510120600
-0.1319518877860864,0.9385333847271611,0.4614557743990657,-0.40710677115482746,0.5002854279295702,1.7004245035003969,0.22948314195512362,1.473467426749447,0.15606883024015503,1.0833094824394587,0.4518462203442053,-0.18055398387560684,-0.3625297698372846,-0.3728775566971327,0.5435279526571872,-1.0079082672092488,-0.011386160083528662,-0.34728983399789154,24510080302
0.37494616077109794,0.6111056319874157,-0.6769259642888065,-0.3803032085468319,-0.012124110087465402,-0.1645683491814204,0.42046206776023226,0.6031208418412362,0.4757130683844258,0.9799419206437558,-0.4980092034577218,0.44384457549484696,-0.3625297698372846,1.8006571960198454,0.48920987960621515,-0.010637378132538223,0.28904239802124637,-0.5369270779404564,24510160600
-0.3370441173290841,-0.19970475806034169,2.2579429831443636,-1.3511821604396164,0.414812907097592,0.3247742867142188,1.3023164212356182,0.25310562440368634,1.3777537357147607,0.8109088120414735,-1.1494334526842156,0.9032423958476286,-0.3625297698372846,-1.4153336582388283,1.1907484908329098,-0.010637378132538223,0.6491574011260155,-0.40721853776258216,24510090900
-0.1471376218494669,1.3281164944332489,1.591109331862045,-0.8542591142271572,0.44351252908176714,-0.5151283013805417,0.337046318639228,-0.08217270823700187,0.9756363745663739,0.4942684605801692,-1.1494334526842156,0.8290150638236524,-0.3625297698372846,-0.08641825387876902,1.4520305396649706,1.3001413347763797,0.9452841484848704,0.20887509028413703,24510030100
-0.3532643728416726,1.0031740762571382,0.48982337506567963,-0.5299086175095464,0.3567634334820909,-0.1100607333220076,1.33718428692173,-0.09778235564519272,0.8022093608506548,0.8539848610675426,0.03745379418294902,0.0012715933648168101,-0.3625297698372846,1.4872027067230327,0.8153348512502097,-1.0079082672092488,-0.6371147287453921,-0.5607655580740243,24510130300
0.9052232902240788,2.2123932966376936,1.0709904325569726,-2.51113419023571,0.9025371729096484,-0.7529843012994878,2.711148260168441,0.8424930626188669,2.128719724727495,0.9555451792649766,-1.1494334526842156,0.15160297504649564,-0.3625297698372846,0.9241960299567841,1.7805769536484717,-1.0079082672092488,-0.301669453932801,-0.35436329945539635,24510250204
1.1299272047665663,0.35025379178616306,0.2092244056918457,-0.14590162165896312,-1.0738715277998407,0.24585778333227268,1.4300272824519966,-0.5166414425428087,0.24726782838511405,-0.5949158221154581,1.4154616801682989,1.20237448465058,-0.3625297698372846,1.203745680349848,-0.5212472454684112,-0.5090521763293279,0.39479736752726136,0.6339187105188099,24510272007
-0.7080285379709063,0.9797889799254969,0.9989705168322701,-0.6728734381684881,-0.07754497114522554,-0.5151283013805417,0.25341727239823975,0.23818395007249038,-0.0938393586751923,0.7586285406122162,0.8829319680707334,0.028184589382765295,-0.3625297698372846,0.9762294981551258,0.5923561435149632,0.11388548523221065,-0.0613965115764821,-0.7266803685153518,24510130400
-0.647923280372024,0.8667948187722755,0.9005923773852489,-0.7892772503421094,0.7285397024487781,0.3864847877851888,0.1575713067173008,-0.46693400609360014,0.7859281597424026,0.6879927043276364,0.03745379418294902,-0.6313302188864097,-0.3625297698372846,0.5076151363325097,1.1300085234631956,0.9500888291271424,-0.44762759924306367,-1.308048313508753,24510080600
1.5854278580177632,-0.8133810953617875,-0.8801681506558121,-0.083289013779687,1.143161528807357,0.7195213714837165,0.16956813652941022,-0.27182191641721737,-0.27273231419404714,-0.9666761717128133,1.7985837034055718,-0.35478893541963746,2.757630811304238,1.3376555748488994,-0.6877515675847632,0.5582926377293764,2.1783078888244,2.002556345224923,24510260501
-1.0781016617463306,0.4595830404072565,1.6628746029515793,-0.5987945580328061,1.1753715062510406,0.43197561009210445,0.34897575985242024,0.6173870902931617,0.36398459712437303,1.0783542959268506,0.7237531688243038,-1.3336007624904294,-0.3625297698372846,-0.024014536189903374,0.7217094454306384,-0.5090521763293279,0.9616211951781208,-1.4028479383488057,24510080301
0.10838444352773823,1.2574429755030758,1.8319982025033592,-0.8092208998950612,0.8854512570824453,-0.39343939342464157,0.6576731147153173,0.7165890273372368,1.1469790390610906,0.9701732949439901,-0.33808435786015534,-1.5563297825482165,-0.3625297698372846,1.502508093013673,1.2763674753703844,-0.15299102123533442,1.1192570763457537,-1.0933308125184198,24510070200
0.9455752846700184,0.8908531698402574,1.763211545716528,-0.7692689909316455,0.8940026009269247,0.9194269426495223,-0.1560500011652263,1.5123880315362779,0.2272861610729693,0.9652939455583004,-1.1494334526842156,0.21099855963873182,-0.3625297698372846,-0.15213906774028965,1.1037664174585808,1.4719271801728002,0.8277352805921079,0.2882444512594591,24510271600
-0.6394368017668222,0.3985045434051256,0.11490107193468524,-0.5389369355692784,0.11509914475917242,-0.03891901594938105,0.5985211492429072,0.9254491826668506,0.5565632858324692,0.6646161020186906,0.30880155665383796,0.05429355510259718,-0.3625297698372846,-0.024014536189903374,0.05586834086154838,0.8314794849162773,0.5928589903689981,-0.7102817530479498,24510200800
0.18229994657169274,1.1575995668163006,1.84173121969443,-0.999906039045228,0.5931341306597411,-0.1281176717938571,0.03734301289646136,0.2828635673712087,0.6004714859712966,0.9166827106393083,-0.4980092034577218,0.4493786142622019,2.7615841698098724,0.869514938848786,0.8199696554781118,-1.0079082672092488,0.6859592289365748,-0.1343635759383705,24510150600
1.026682162826872,0.4053434866894676,0.3305152186990262,-0.2419105956835299,0.2076011286486604,-1.4753266445052742,0.8815801849436015,-0.23985062494773865,-0.0938393586751923,-0.3663438071771037,1.1330874223511476,-1.243315701635912,2.7638925507707284,0.8411020301054111,0.12679638656540174,-0.15299102123533442,0.6305399083880903,-0.5193491423636857,24510250402
0.7502443454601028,0.022493046561456877,0.4471756699031582,-1.3006697381821941,1.0120042357759995,0.47681278974126284,-0.9070126165947058,0.4154059060563032,0.286765295051851,1.0635084524981304,0.03745379418294902,0.2037873010650985,-0.3625297698372846,0.5827362811393603,0.8660821135642284,1.8133272857531728,0.9616211951781208,0.976562194435165,24510150400
-0.3259951366745466,-0.4848273790318248,1.035163068373326,-0.5190392193303603,0.5002854279295702,-0.2577381471984473,0.5866789224422224,0.48810942597196905,0.7530899996589678,0.9312312549589723,-0.19771503923886447,0.07964731788141392,-0.3625297698372846,0.8119272510707725,0.34789727658668906,0.6818521988225583,-0.036250517042803534,-0.6237360598858293,24510271001
-0.5797839730235509,1.778890581999132,1.3565644465476505,-0.8301542924210563,1.1512350924330077,0.8409338030272357,0.32511252507397476,0.9254491826668506,0.31599337075310946,1.0191486204085403,0.13705123436577432,0.4603473914991579,-0.3625297698372846,-1.4153336582388283,1.9347198398416927,0.4086576276249188,0.2672941747762093,-0.08280889128322926,24510150100
0.013774527733963251,0.7192212221325317,1.3455541104544408,-0.1842117943827178,0.5469795785408158,1.7311278143036053,-0.7200835395698157,0.25310562440368634,-0.14016365664312155,1.0191486204085403,0.13705123436577432,0.7076381226531088,-0.3625297698372846,0.4681119343095105,0.31701305734824087,0.5582926377293764,1.3243218762644968,-0.22770056779886094,24510271801
1.2764788837183494,0.3153737177565807,1.8996521417371024,-0.6526780380108163,0.7107401694617703,0.7468988714363864,0.26537759100473807,0.7867579568608053,0.9215364479261738,0.999518848772866,-0.07343086999871909,-0.18055398387560684,-0.3625297698372846,-0.024014536189903374,0.9163220977334848,-0.15299102123533442,0.6491574011260155,0.22584102335275702,24510200701
0.06592431642973255,1.84187578446755,0.6816668322717802,-2.4795733695598696,1.1592945604659555,0.11518956664955103,1.4647924409799704,1.717518489661453,1.37099408842292,0.772846546397024,0.13705123436577432,1.437673525104161,-0.3625297698372846,-0.3728775566971327,2.070372059718172,-1.0079082672092488,0.9122769685452748,1.4526638548508455,24510170200
0.9854886267452282,1.0148158622987176,0.9254484613602378,-1.424293164896428,0.7285397024487781,1.27460179140778,-0.2046061371010312,1.9932662120477622,0.028960135822691253,0.8539848610675426,-0.8963747200613758,1.0124607161670498,-0.3625297698372846,-0.08641825387876902,1.784476615168077,0.7856024184839878,1.338345459013706,-0.08121048506639095,24510151200
-0.05553482231579359,0.5063739823954002,0.09888047542935721,-0.30306898593474874,0.5096683487452182,0.44699288046451235,0.28928483653873804,-0.11342633064297482,1.4644111123725958,0.9070002874096433,-0.6820579307024185,1.009418216618741,-0.3625297698372846,0.14607104418300604,0.5484340850619055,1.608607596939887,0.0853890388544122,-0.8238380648097435,24510280404
1.227175754047379,-0.11849764369942047,1.3011875276289124,-0.2623506891705024,0.537684526055863,1.996195719715016,-0.8445176730594042,0.8146693167236214,-0.4406960952259143,0.8587877860913087,-0.19771503923886447,0.5133081272582022,2.763002119208384,-0.973756752993599,0.3324828562203944,1.6299003652910968,-0.036250517042803534,1.5326561926301785,24510271700
-0.5421911290448318,1.6952270597152805,-0.11802771107191419,-1.6714941666720555,0.5469795785408158,0.2137132282229957,0.3728216615727172,1.3294562546113076,0.007106083214919548,0.999518848772866,-0.07343086999871909,0.7643857369623767,-0.3625297698372846,1.0961514645538224,1.4313985372317037,-0.15299102123533442,-0.6704261754797537,-0.14192538702079344,24510100100
-1.248234812356592,1.4660908289281698,0.48982337506567963,-1.1327458348917958,0.7550978272293909,0.08162176732282724,0.26537759100473807,-0.03554682059841316,0.8901808917552413,0.8061393028698662,-1.1494334526842156,1.7463647328453704,-0.3625297698372846,1.1185790350874094,1.4023895655692744,0.62288675507887,1.1944478193782637,1.2655491690690326,24510070400
0.2602649172793746,0.3223780015405312,0.14668008470742794,-0.5957562174548046,0.009406364229262054,-0.7529843012994878,0.8110181312765475,-0.6341822007912145,0.9215364479261738,0.8780328273532684,1.0360033706143337,1.4297249165129857,2.7638925507707284,0.6867951272889995,-0.021975323113575602,-1.0079082672092488,-0.08683131271202657,0.12895711343495433,24510260402
-2.2239631673928435,1.3763726076896912,0.6008351819322117,-0.6728734381684881,0.5469795785408158,-0.3736556940394518,0.02529367960063102,1.6410672320294672,0.197013006962802,0.8587877860913087,1.7648748944158708,-0.9923696402655251,-0.3625297698372846,1.0258420198522435,0.9570618515558434,1.1721793748547187,2.2185379698491814,-0.8645586126403886,24510070300
-0.5825534500089931,1.246465369858218,0.6415003743324434,-0.9549437098744051,0.6928642011982232,-0.003978867918222317,1.7073959178752653,0.7587578920295961,1.7967888902295195,1.0585664136557542,0.30880155665383796,0.47655843477682563,-0.3625297698372846,1.2438313904134892,1.1474323988098234,-1.0079082672092488,0.10894369082258315,-0.2778601817336698,24510160200
1.157498069322318,0.6175530013654685,0.43283030725958127,-0.43604325650674347,1.764003009916962,0.09845244647905378,1.0574224120790086,0.20825411822410148,-0.21148663078440677,-0.8678195924567433,1.5364982762355301,0.5969060494887888,-0.3625297698372846,1.502508093013673,0.0887615277558519,-0.31729693252315505,1.6903947054192316,2.252013645458045,24510260605
-0.9830282626171727,1.0953862536694605,-0.04948594571578867,-1.4687494963607284,0.9953382270550665,-1.115030743507919,1.1041819149759555,0.3125090402829318,1.5101701084194847,0.8204578695789786,0.9797046521796398,-0.5060201360852074,2.763002119208384,1.1405347769093641,0.8199696554781118,-1.0079082672092488,1.4343870585776504,-0.7800580548730697,24510090400
-1.2824136944379214,1.381701391538168,1.9662223619070665,-1.6705461352533226,1.8557962879565082,-1.1937957148073064,1.360413748807431,2.7711582504404495,1.6313944305951078,-0.013176442388635808,0.7237531688243038,-1.056050545426673,-0.3625297698372846,0.869514938848786,1.1907484908329098,0.62288675507887,0.03752497141512353,-1.2681242061382179,24510200300
-0.7380664403539592,1.9513094319193944,1.5599490633292432,-2.4607055406353617,1.6341867677367692,-0.6641074033073521,1.4763747285337503,1.7555377733543793,1.5808673243271754,1.0684537798776517,-1.1494334526842156,0.7761152216725151,2.763002119208384,0.2950159935538207,1.630540811952876,-1.0079082672092488,-0.3880478385022483,-1.531645416328197,24510180100
0.8375612818649064,0.5196316335344117,1.2900132639982935,-1.2322509350969575,0.8768830411306995,-0.27673652048852554,0.04938745692400004,0.660042791888128,0.48481618419379574,0.9409468777140912,1.0360033706143337,0.43267507514499637,-0.3625297698372846,0.9762294981551258,0.8199696554781118,1.4449473888756301,-0.0613965115764821,0.4711392664935946,24510151300
0.5786006598642781,0.2516814806314654,0.6008351819322117,-0.9876064796695506,1.6633179465205035,-0.5151283013805417,1.6843462956550002,0.502573097691687,0.25719981257314245,-0.9001371848834241,1.79599349698981,-0.8277214931419289,2.763929019875272,1.9819283095208196,-0.4443824474949432,-1.0079082672092488,0.9452841484848704,-0.3028084770535483,24510260401
-0.1263754316349008,1.739706648231268,0.9130427052058758,-2.24757983515241,1.9666516216064516,-0.8683137278683597,0.5036709213478562,0.9529329290044724,1.6563876550882928,0.9848311947424585,0.22704663390922894,0.7564846056298314,-0.3625297698372846,0.19782123793038187,2.1445510613125194,1.8060236645132925,-1.53758725591737,-0.10706343796976352,24510100200
1.3051242286328653,0.26593860845673134,0.9624025491801458,-0.14223252180935578,0.414812907097592,0.9323280904484945,-0.32638005576850226,1.5253285874996494,0.2965449608126738,0.9897237748659441,0.4518462203442053,0.07964731788141392,2.763002119208384,-0.15213906774028965,0.683747959522576,1.4352985895169437,0.3740311207745411,0.5750227223509791,24510151000
-0.5376389567667292,2.2700789563878363,1.1415883077661095,-1.6977400518143209,1.9529182305173913,-0.021397587059991893,0.8110181312765475,2.2864911417080225,1.3574334616817467,0.7918508676845923,-1.1494334526842156,1.4014028608210278,-0.3625297698372846,0.14607104418300604,2.272441785979787,1.7672362227339118,0.9288366293898804,1.330813019052346,24510280500
-0.47462525045685316,0.6496225923427682,0.2552828110347866,-0.5957562174548046,-0.341146942337594,-0.14628633598682467,0.9988959527931057,0.5170115032468448,0.6862700437193894,0.9070002874096433,1.3273191053235351,0.669265467350975,2.757630811304238,1.8856563134186595,0.7217094454306384,-1.0079082672092488,0.4560018468385904,0.27914853451502547,24510250207
-1.8470941834780212,1.76912532076221,1.0471456074779069,-0.2742922864142013,1.9597892530630423,1.5855031758925016,0.02529367960063102,2.1895824275108406,0.4757130683844258,0.8395961090153393,0.03745379418294902,0.2530848230870221,-0.3625297698372846,0.9241960299567841,1.811706614360413,1.78201652384466,-0.301669453932801,-1.4492077981203142,24510160300
-0.30654343552861485,1.3227212662438035,1.0231399565685586,-1.7908409670332308,1.6560506430542175,-0.7529843012994878,1.220846119711431,1.6154590576512733,0.677806626112013,-0.02966862272059628,1.1546482885584055,0.2998116668058042,-0.3625297698372846,1.8754484656030306,1.6105223683930863,1.1498271951750574,1.009985628680574,-0.8357697854448627,24510190300
-2.0682886098386413,1.0667936178273203,0.7081754213756587,-0.4433598167378149,1.6633179465205035,1.239555125715554,-0.4855479176757302,1.1699115477717295,0.1457261064961987,0.6413240887775243,1.1105209751858562,1.024536370594894,-0.3625297698372846,1.603419065065291,1.1300085234631956,1.7768932332637724,1.5655821528886613,-0.7516846595988604,24510180200
-0.25388029185409444,1.0264241778439438,0.8880970428322021,-1.1752123296232677,1.43303311137841,-0.3344944856845056,1.6035817808326667,0.6742141942629262,1.5808673243271754,0.9263784204219954,1.1752713083384305,-1.5563297825482165,2.7615841698098724,1.5614453447417354,1.246551435359596,-0.5090521763293279,0.9939703590445196,-0.8179135096291578,24510070100
-1.5800063999405651,1.4765266940156294,1.7233761955378883,-1.1836761223182333,0.9025371729096484,-0.39343939342464157,0.7167279001109725,0.23818395007249038,0.8664465727972728,0.5811618260973492,1.5588794482725055,0.31272835376974567,-0.3625297698372846,1.9727462153411248,1.4231251242534508,1.1721793748547187,0.7930705440108698,-0.9002876590059395,24510080400
-0.6366134202545479,1.754439141178454,1.0471456074779069,-0.8209365909679716,1.5009877619089365,0.19751303412425303,1.1392160747263769,1.2233857888591066,1.073638180532243,0.9848311947424585,1.2495417287963821,0.3380201325621496,-0.3625297698372846,0.24741636954503585,1.2721178094663566,0.5582926377293764,-0.47805334592648996,-0.15634838411821503,24510190100
